{
    "VERSION":{
        "name":"VERSION",
        "type":"TABLE",
        "details":{
            "source":"version_vw",
            "database":"abv_hcp360_integrated",
            "fields":[
                "ABBOTT_CUSTOMER_ID",
                "ID"
            ],
            "filter":{
                "sql":"email_sent_date_vod__c > '2020-03-01 00:00:00' and parent_email_vod__c is not null and abbott_customer_id is not null"
            }
        }
    },
    "CUSTOMER":{
        "name":"CUSTOMER",
        "type":"TABLE",
        "details":{
            "source":"customer_vw",
            "database":"abv_hcp360_integrated",
            "fields":[
                "abbott_customer_id",
                "prescriber_status",
                "primary_degree",
                "abbott_best_specialty_code as primary_customer_abs",
                "dds_active_flag"
            ],
            "filter":{
                "sql":"dds_active_flag='Y'"
            }
        }
    },
    "USER":{
        "name":"USER",
        "type":"TABLE",
        "details":{
            "source":"irep_user_vw",
            "database":"abv_hcp360_integrated"
        }
    },
    "EMPLOYEE":{
        "name":"EMPLOYEE",
        "type":"TABLE",
        "details":{
            "source":"employee_vw",
            "database":"abv_hcp360_integrated",
            "fields":[],
            "filter":{
                "sql":"trim(dds_active_flag) = 'Y'"
            }
        }
    },
    "DBSM":{
        "name":"DBSM",
        "type":"TABLE",
        "details":{
            "source":"hcp360_product_brand_spc_mtrx_xref_vw",
            "database":"abv_hcp360_integrated_work"
        }
    },
    "APPS":{
        "name":"APPS",
        "type":"TABLE",
        "details":{
            "source":"apps_universe_thin_vw",
            "database":"abv_hcp360_integrated",
            "fields":[],
            "filter":{
                "sql":"future_current_flag <>'F'"
            }
        }
    }
}