{
    "audits":{
        "iRepEmail-HCP-ABS":{
            "name":"iRepEmail",
            "auditType":"HCP-ABS",
            "input":{
                "type":"query",
                "details":{
                    "source":"irep_sent_email_vod__c_vw",
                    "database":"abv_hcp360_integrated",
                    "primary_key":[
                        "id"
                    ],
                    "sql":"select email.*,accn.ispersonaccount from abv_hcp360_integrated.irep_sent_email_vod__c_vw email inner join abv_hcp360_integrated.irep_account_vw accn on email.account_vod__c = accn.id and accn.isdeleted = 0 and accn.ispersonaccount = 1 where email.isdeleted = 0 and email.parent_email_vod__c is null and email.email_sent_date_vod__c > '2020-03-01 00:00:00' and email.abbott_customer_id is not null"
                }
            },
            "enrichments":[
                {
                    "name":"PRIMARY_CUSTOMER",
                    "order":"2",
                    "type":"REFERENCE_LOOKUP",
                    "details":{
                        "lookup":"CUSTOMER",
                        "fields":[
                            "abbott_customer_id",
                            "prescriber_status",
                            "primary_degree",
                            "abbott_best_specialty_code as primary_customer_abs",
                            "dds_active_flag"
                        ],
                        "filter":{
                            "sql":"dds_active_flag='Y' and abbott_customer_id is not null"
                        },
                        "join":{
                            "type":"left outer",
                            "sql":"PRIMARY_CUSTOMER.abbott_customer_id = iRepEmail.abbott_customer_id"
                        }
                    }
                },
                {
                    "name":"VERSION",
                    "order":"1",
                    "type":"REFERENCE_LOOKUP",
                    "details":{
                        "lookup":"VERSION",
                        "fields":[
                            "to_timestamp(attribute_3,'MM/dd/yyyy HH:mm:ss') as attribut3",
                            "to_timestamp(attribute_4,'MM/dd/yyyy HH:mm:ss') as attribut4",
                            "max(version_id) version_id"
                        ],
                        "filter":{
                            "sql":"source_type = 'TABLE' AND source_name = 'CUSTOMER' AND target_table_name = 'APPS_UNIVERSE' AND business_function = 'WEEK' AND description = 'Approved Physician and Specialty List' AND version_id is not null GROUP  BY 1, 2"
                        },
                        "join":{
                            "type":"left outer",
                            "sql":"iRepEmail.email_sent_date_vod__c >= VERSION.attribut3 AND iRepEmail.email_sent_date_vod__c <= VERSION.attribut4"
                        }
                    }
                },
                {
                    "name":"ASSOCIATED_CUSTOMER",
                    "order":"3",
                    "type":"REFERENCE_LOOKUP",
                    "details":{
                        "lookup":"CUSTOMER",
                        "fields":[
                            "abbott_customer_id as assoc_abbott_customer_id",
                            "prescriber_status as assoc_prescriber_status",
                            "primary_degree as assoc_primary_degree",
                            "abbott_best_specialty_code as assoc_customer_abs",
                            "dds_active_flag"
                        ],
                        "filter":{
                            "sql":"dds_active_flag='Y' and abbott_customer_id is not null"
                        },
                        "join":{
                            "type":"left outer",
                            "sql":"ASSOCIATED_CUSTOMER.assoc_abbott_customer_id = iRepEmail.abbott_customer_id"
                        }
                    }
                },
                {
                    "name":"USER",
                    "order":"4",
                    "type":"REFERENCE_LOOKUP",
                    "details":{
                        "lookup":"USER",
                        "join":{
                            "type":"left outer",
                            "sql":"iRepEmail.ownerid = USER.id"
                        }
                    }
                },
                {
                    "name":"EMPLOYEE",
                    "order":"5",
                    "type":"REFERENCE_LOOKUP",
                    "details":{
                        "lookup":"EMPLOYEE",
                        "filter":{
                            "sql":"trim(dds_active_flag) = 'Y'"
                        },
                        "join":{
                            "type":"left outer",
                            "sql":"iRepEmail.employeenumber = EMPLOYEE.employee_number"
                        }
                    }
                },
                {
                    "name":"DBSM",
                    "order":"6",
                    "type":"REFERENCE_LOOKUP",
                    "details":{
                        "lookup":"DBSM",
                        "filter":{
                            "sql":"data_source_name IN ( 'HCP iREP Email' ) AND future_current_flag <> 'F'"
                        },
                        "join":{
                            "type":"left outer",
                            "sql":"upper(iRepEmail.irep_product_name) = upper(DBSM.product_indication) and iRepEmail.email_sent_date_vod__c between DBSM.publish_date and DBSM.publish_end_date"
                        }
                    }
                },
                {
                    "name":"APPS",
                    "order":"8",
                    "type":"REFERENCE_LOOKUP",
                    "details":{
                        "lookup":"APPS",
                        "fields":[
                            "abbott_customer_id as apps_abbott_customer_id",
                            "approved_product as apps_approved_product",
                            "version_id"
                        ],
                        "join":{
                            "type":"left outer",
                            "sql":"APPS.apps_abbott_customer_id = iRepEmail.abbott_customer_id and APPS.version_id=iRepEmail.version_id and upper(APPS.apps_approved_product)=upper(iRepEmail.approved_brand_specialty)"
                        }
                    }
                },
                {
                    "name":"APPS_ABS",
                    "order":"7",
                    "type":"REFERENCE_LOOKUP",
                    "details":{
                        "lookup":"APPS",
                        "fields":[
                            "distinct abbott_customer_id as apps_abbott_customer_id_abs",
                            "abbott_best_specialty_code as apps_primary_abs",
                            "version_id"
                        ],
                        "join":{
                            "type":"left outer",
                            "sql":"APPS_ABS.apps_abbott_customer_id_abs = iRepEmail.abbott_customer_id and APPS_ABS.version_id=iRepEmail.version_id"
                        }
                    }
                },
                {
                    "name":"APPS_ASSOC_ABS",
                    "order":"9",
                    "type":"REFERENCE_LOOKUP",
                    "details":{
                        "lookup":"APPS",
                        "fields":[
                            "distinct abbott_customer_id as apps_assoc_pres_abs",
                            "abbott_best_specialty_code as abv_assoc_best_specialty_code",
                            "version_id"
                        ],
                        "join":{
                            "type":"left outer",
                            "sql":"APPS_ASSOC_ABS.apps_assoc_pres_abs = iRepEmail.assoc_abbott_customer_id and APPS_ASSOC_ABS.version_id=iRepEmail.version_id"
                        }
                    }
                },
                {
                    "name":"APPS_ASSOC",
                    "order":"10",
                    "type":"REFERENCE_LOOKUP",
                    "details":{
                        "lookup":"APPS",
                        "fields":[
                            "abbott_customer_id as apps_assoc_abbott_customer_id",
                            "version_id",
                            "approved_product as apps_assoc_approved_product"
                        ],
                        "join":{
                            "type":"left outer",
                            "sql":"APPS_ASSOC.apps_assoc_abbott_customer_id = iRepEmail.assoc_abbott_customer_id and APPS_ASSOC.version_id=iRepEmail.version_id and upper(APPS_ASSOC.apps_assoc_approved_product)=upper(iRepEmail.approved_brand_specialty)"
                        }
                    }
                }
            ],
            "controls":[
                {
                    "name":"HCP_Pharmacist",
                    "order":1,
                    "condition":"PRESCRIBER_STATUS='PHARMACIST~RPH'",
                    "results":{
                        "audit_status":"Y",
                        "audit_status_code":"E0071"
                    }
                },
                {
                    "name":"HCP_Asso_Pharmacist",
                    "order":2,
                    "condition":"INSTR(PRESCRIBER_STATUS,'PHARMACIST')>0 AND INSTR(ASSOC_PRESCRIBER_STATUS,'PHARMACIST')>0",
                    "results":{
                        "audit_status":"T",
                        "audit_status_code":"E0079"
                    }
                },
                {
                    "name":"HCP_Pharmacist_Asso_Nonprescriber",
                    "order":3,
                    "condition":"INSTR(PRESCRIBER_STATUS,'PHARMACIST')>0 AND ASSOC_PRESC_APP_STATUS='NON_PRESCRIBER'",
                    "results":{
                        "audit_status":"N",
                        "audit_status_code":"E0080"
                    }
                },
                {
                    "name":"HCP_Pharmacist_Asso_prescriber",
                    "order":4,
                    "condition":"INSTR(PRESCRIBER_STATUS,'PHARMACIST')>0 AND (ASSOC_PRESC_APP_STATUS='PRESCRIBER') AND NOT ISNULL(APPS_ASSOC_ABBOTT_CUSTOMER_ID)",
                    "results":{
                        "audit_status":"Y",
                        "audit_status_code":"E0081"
                    }
                },
                {
                    "name":"HCP_Pharmacist_Asso_presc_abs",
                    "order":5,
                    "condition":"INSTR(PRESCRIBER_STATUS,'PHARMACIST')>0 AND (ASSOC_PRESC_APP_STATUS='PRESCRIBER') AND ISNULL(APPS_ASSOC_ABBOTT_CUSTOMER_ID) AND NOT ISNULL(assoc_presc_app_status) AND ISNULL(APPROVED_BRAND_SPECIALTY)",
                    "results":{
                        "audit_status":"T",
                        "audit_status_code":"E0076"
                    }
                },
                {
                    "name":"HCP_Pharmacist_Asso_presc",
                    "order":6,
                    "condition":"INSTR(PRESCRIBER_STATUS,'PHARMACIST')>0 AND (ASSOC_PRESC_APP_STATUS='PRESCRIBER') AND ISNULL(APPS_ASSOC_ABBOTT_CUSTOMER_ID) AND NOT ISNULL(ASSOC_PRESC_APP_STATUS) AND NOT ISNULL(APPROVED_BRAND_SPECIALTY)",
                    "results":{
                        "audit_status":"N",
                        "audit_status_code":"E0082"
                    }
                },
                {
                    "name":"HCP_Pharmacist_Asso_presc_app_status",
                    "order":7,
                    "condition":"INSTR(PRESCRIBER_STATUS,'PHARMACIST')>0 AND (ASSOC_PRESC_APP_STATUS='PRESCRIBER') AND ISNULL(ASSOC_PRESC_APP_STATUS)",
                    "results":{
                        "audit_status":"N",
                        "audit_status_code":"E0083"
                    }
                },
                {
                    "name":"HCP_Pharmacist_Asso_presc",
                    "order":8,
                    "condition":"INSTR(PRESCRIBER_STATUS,'PHARMACIST')>0 AND (ASSOC_PRESC_APP_STATUS='PRESCRIBER') AND ISNULL(ASSOC_PRESC_APP_STATUS)",
                    "results":{
                        "audit_status":"T",
                        "audit_status_code":"E0077"
                    }
                },
                {
                    "name":"HCP_Asso_presc_app_status",
                    "order":9,
                    "condition":"PRESC_APP_STATUS='NON_PRESCRIBER' AND INSTR(ASSOC_PRESCRIBER_STATUS,'PHARMACIST')>0",
                    "results":{
                        "audit_status":"T",
                        "audit_status_code":"E0079"
                    }
                },
                {
                    "name":"HCP_Asso_presc",
                    "order":10,
                    "condition":"PRESC_APP_STATUS='NON_PRESCRIBER' AND ASSOC_PRESC_APP_STATUS='NON_PRESCRIBER'",
                    "results":{
                        "audit_status":"N",
                        "audit_status_code":"E0080"
                    }
                },
                {
                    "name":"HCP_presc",
                    "order":11,
                    "condition":"PRESC_APP_STATUS='NON_PRESCRIBER' AND (ASSOC_PRESC_APP_STATUS='PRESCRIBER') AND NOT ISNULL(APPS_ASSOC_ABBOTT_CUSTOMER_ID)",
                    "results":{
                        "audit_status":"Y",
                        "audit_status_code":"E0081"
                    }
                },
                {
                    "name":"HCP_presc_app",
                    "order":12,
                    "condition":"PRESC_APP_STATUS='NON_PRESCRIBER' AND (ASSOC_PRESC_APP_STATUS='PRESCRIBER') AND ISNULL(APPS_ASSOC_ABBOTT_CUSTOMER_ID) AND NOT ISNULL(apps_assoc_pres_abs) AND ISNULL(APPROVED_BRAND_SPECIALTY)",
                    "results":{
                        "audit_status":"T",
                        "audit_status_code":"E0076"
                    }
                },
                {
                    "name":"HCP_presc",
                    "order":13,
                    "condition":"PRESC_APP_STATUS='NON_PRESCRIBER' AND (ASSOC_PRESC_APP_STATUS='PRESCRIBER') AND ISNULL(APPS_ASSOC_ABBOTT_CUSTOMER_ID) AND NOT ISNULL(apps_assoc_pres_abs) AND NOT ISNULL(APPROVED_BRAND_SPECIALTY)",
                    "results":{
                        "audit_status":"N",
                        "audit_status_code":"E0082"
                    }
                },
                {
                    "name":"HCP_Asso_presc_app",
                    "order":14,
                    "condition":"PRESC_APP_STATUS='NON_PRESCRIBER' AND (ASSOC_PRESC_APP_STATUS='PRESCRIBER') AND ISNULL(apps_assoc_pres_abs)",
                    "results":{
                        "audit_status":"N",
                        "audit_status_code":"E0083"
                    }
                },
                {
                    "name":"HCP_presc_app_status_p",
                    "order":15,
                    "condition":"PRESC_APP_STATUS='NON_PRESCRIBER' AND (ASSOC_PRESC_APP_STATUS='PRESCRIBER') AND ISNULL(apps_assoc_pres_abs)",
                    "results":{
                        "audit_status":"T",
                        "audit_status_code":"E0077"
                    }
                },
                {
                    "name":"HCP_abott_customer_id",
                    "order":16,
                    "condition":"ISNULL(ABBOTT_CUSTOMER_ID)",
                    "results":{
                        "audit_status":"T",
                        "audit_status_code":"E0075"
                    }
                },
                {
                    "name":"HCP_apps_abott_customer_id",
                    "order":17,
                    "condition":"(PRESC_APP_STATUS='PRESCRIBER') AND NOT ISNULL(APPS_ABBOTT_CUSTOMER_ID)",
                    "results":{
                        "audit_status":"Y",
                        "audit_status_code":"E0072"
                    }
                },
                {
                    "name":"HCP__presc",
                    "order":18,
                    "condition":"(PRESC_APP_STATUS='PRESCRIBER') AND ISNULL(APPS_ABBOTT_CUSTOMER_ID) AND NOT ISNULL(APPS_ABBOTT_CUSTOMER_ID_ABS) AND ISNULL(APPROVED_BRAND_SPECIALTY)",
                    "results":{
                        "audit_status":"N",
                        "audit_status_code":"E0076"
                    }
                },
                {
                    "name":"HCP__presc__app",
                    "order":19,
                    "condition":"(PRESC_APP_STATUS='PRESCRIBER') AND ISNULL(APPS_ABBOTT_CUSTOMER_ID) AND NOT ISNULL(APPS_ABBOTT_CUSTOMER_ID_ABS) AND NOT ISNULL(APPROVED_BRAND_SPECIALTY)",
                    "results":{
                        "audit_status":"N",
                        "audit_status_code":"E0074"
                    }
                },
                {
                    "name":"HCP__presc__app_status",
                    "order":20,
                    "condition":"(PRESC_APP_STATUS='PRESCRIBER') AND ISNULL(APPS_ABBOTT_CUSTOMER_ID_ABS)",
                    "results":{
                        "audit_status":"T",
                        "audit_status_code":"E0083"
                    }
                },
                {
                    "name":"HCP__presc__app",
                    "order":21,
                    "condition":"(PRESC_APP_STATUS='PRESCRIBER') AND ISNULL(APPS_ABBOTT_CUSTOMER_ID_ABS)",
                    "results":{
                        "audit_status":"T",
                        "audit_status_code":"E0077"
                    }
                }
            ],
            "mapToTarget": []
        },
        "CALL_ACTIVITY-HCP-ABS":{
            "Input":{
                "type":"TABLE",
                "details":{
                    "source":"irep_sent_email_vod__c_vw",
                    "database":"abv_hcp360_integrated",
                    "fields":[

                    ],
                    "filter":{
                        "sql":"email_sent_date_vod__c > '2020-03-01 00:00:00' and parent_email_vod__c is not null and abbott_customer_id is not null"
                    }
                }
            },
            "enrichments":[
                {
                    "name":"VERSION",
                    "order":"1",
                    "type":"TABLE",
                    "details":{
                        "lookup":"VERSION",
                        "fields":[
                            "to_timestamp(attribute_3,'MM/dd/yyyy HH:mm:ss') as attribut3",
                            "to_timestamp(attribute_4,'MM/dd/yyyy HH:mm:ss') as attribut4",
                            "max(version_id) version_id"
                        ],
                        "filter":{
                            "sql":"source_type = 'TABLE' AND source_name = 'CUSTOMER' AND target_table_name = 'APPS_UNIVERSE' AND business_function = 'WEEK' AND description = 'Approved Physician and Specialty List' AND version_id is not null GROUP  BY 1, 2"
                        },
                        "join":{
                            "type":"left outer",
                            "sql":"iRepEmail.email_sent_date_vod__c >= VERSION.attribut3 AND iRepEmail.email_sent_date_vod__c <= VERSION.attribut4"
                        }
                    }
                },
                {
                    "name":"PRIMARY_CUSTOMER",
                    "order":"2",
                    "type":"TABLE",
                    "details":{
                        "lookup":"CUSTOMER",
                        "fields":[

                        ],
                        "filter":{
                            "sql":"dds_active_flag='Y' and abbott_customer_id is not null"
                        },
                        "join":{
                            "type":"left outer",
                            "sql":"PRIMARY_CUSTOMER.abbott_customer_id = iRepEmail.abbott_customer_id"
                        }
                    }
                }
            ]
        },
        "SPEAKER_EVENT-HCP-ABS":{
            "Input":{
                "type":"TABLE",
                "details":{
                    "source":"irep_sent_email_vod__c_vw",
                    "database":"abv_hcp360_integrated",
                    "fields":[

                    ],
                    "filter":{
                        "sql":"email_sent_date_vod__c > '2020-03-01 00:00:00' and parent_email_vod__c is not null and abbott_customer_id is not null"
                    }
                }
            },
            "enrichments":[
                {
                    "name":"APPS",
                    "order":"8",
                    "type":"TABLE",
                    "details":{
                        "lookup":"APPS",
                        "join":{
                            "type":"left outer",
                            "sql":"APPS.abbott_customer_id = iRepEmail.abbott_customer_id and APPS.version_id=iRepEmail.version_id and upper(APPS.approved_product)=upper(iRepEmail.approved_brand_specialty)"
                        }
                    }
                },
                {
                    "name":"APPS_ASSOC_ABS",
                    "order":"9",
                    "type":"TABLE",
                    "details":{
                        "lookup":"APPS",
                        "join":{
                            "type":"left outer",
                            "sql":"APPS_ASSOC_ABS.abbott_customer_id = iRepEmail.assoc_abbott_customer_id and APPS_ASSOC_ABS.version_id=iRepEmail.version_id"
                        }
                    }
                },
                {
                    "name":"APPS_ASSOC",
                    "order":"10",
                    "type":"TABLE",
                    "details":{
                        "lookup":"APPS",
                        "join":{
                            "type":"left outer",
                            "sql":"APPS_ASSOC.abbott_customer_id = iRepEmail.assoc_abbott_customer_id and APPS_ASSOC.version_id=iRepEmail.version_id and upper(APPS_ASSOC.approved_product)=upper(iRepEmail.approved_brand_specialty)"
                        }
                    }
                }
            ]
        },
        "iRepEmail-HCI-ABS":{
            "Input":{
                "type":"TABLE",
                "details":{
                    "source":"irep_sent_email_vod__c_vw",
                    "database":"abv_hcp360_integrated",
                    "fields":[

                    ],
                    "filter":{
                        "sql":"email_sent_date_vod__c > '2020-03-01 00:00:00' and parent_email_vod__c is not null and abbott_customer_id is not null"
                    }
                }
            },
            "enrichments":[
                {
                    "name":"APPS",
                    "order":"8",
                    "type":"TABLE",
                    "details":{
                        "lookup":"APPS",
                        "join":{
                            "type":"left outer",
                            "sql":"APPS.abbott_customer_id = iRepEmail.abbott_customer_id and APPS.version_id=iRepEmail.version_id and upper(APPS.approved_product)=upper(iRepEmail.approved_brand_specialty)"
                        }
                    }
                },
                {
                    "name":"APPS_ASSOC_ABS",
                    "order":"9",
                    "type":"TABLE",
                    "details":{
                        "lookup":"APPS",
                        "join":{
                            "type":"left outer",
                            "sql":"APPS_ASSOC_ABS.abbott_customer_id = iRepEmail.assoc_abbott_customer_id and APPS_ASSOC_ABS.version_id=iRepEmail.version_id"
                        }
                    }
                },
                {
                    "name":"APPS_ASSOC",
                    "order":"10",
                    "type":"TABLE",
                    "details":{
                        "lookup":"APPS",
                        "join":{
                            "type":"left outer",
                            "sql":"APPS_ASSOC.abbott_customer_id = iRepEmail.assoc_abbott_customer_id and APPS_ASSOC.version_id=iRepEmail.version_id and upper(APPS_ASSOC.approved_product)=upper(iRepEmail.approved_brand_specialty)"
                        }
                    }
                }
            ]
        },
        "iRepEmail-HCI-Role":{
            "Input":{
                "type":"TABLE",
                "details":{
                    "source":"irep_sent_email_vod__c_vw",
                    "database":"abv_hcp360_integrated",
                    "fields":[

                    ],
                    "filter":{
                        "sql":"email_sent_date_vod__c > '2020-03-01 00:00:00' and parent_email_vod__c is not null and abbott_customer_id is not null"
                    }
                }
            },
            "enrichments":[
                {
                    "name":"APPS",
                    "order":"8",
                    "type":"TABLE",
                    "details":{
                        "lookup":"APPS",
                        "join":{
                            "type":"left outer",
                            "sql":"APPS.abbott_customer_id = iRepEmail.abbott_customer_id and APPS.version_id=iRepEmail.version_id and upper(APPS.approved_product)=upper(iRepEmail.approved_brand_specialty)"
                        }
                    }
                },
                {
                    "name":"APPS_ASSOC_ABS",
                    "order":"9",
                    "type":"TABLE",
                    "details":{
                        "lookup":"APPS",
                        "join":{
                            "type":"left outer",
                            "sql":"APPS_ASSOC_ABS.abbott_customer_id = iRepEmail.assoc_abbott_customer_id and APPS_ASSOC_ABS.version_id=iRepEmail.version_id"
                        }
                    }
                },
                {
                    "name":"APPS_ASSOC",
                    "order":"10",
                    "type":"TABLE",
                    "details":{
                        "lookup":"APPS",
                        "join":{
                            "type":"left outer",
                            "sql":"APPS_ASSOC.abbott_customer_id = iRepEmail.assoc_abbott_customer_id and APPS_ASSOC.version_id=iRepEmail.version_id and upper(APPS_ASSOC.approved_product)=upper(iRepEmail.approved_brand_specialty)"
                        }
                    }
                }
            ]
        }
    }
}